<?xml version="1.0" encoding="UTF-8"?>
<packaging:packageUnit xmlns:ns="http://ns.tibco.com/bw/property" xmlns:packaging="http://schemas.tibco.com/tra/model/core/PackagingModel" xmlns:xsd="http://www.w3.org/2001/XMLSchema">
  <packaging:description></packaging:description>
  <packaging:properties>
    <packaging:property>
      <packaging:name>//LIB_XML//BW.DEPLOYMENTUNIT.TYPE</packaging:name>
      <packaging:type>xsd:string</packaging:type>
      <packaging:visibility>private</packaging:visibility>
      <packaging:scalable>true</packaging:scalable>
      <packaging:overrideValue>false</packaging:overrideValue>
    </packaging:property>
    <packaging:property>
      <packaging:name>//LIB_XML//BW.APPNODE.NAME</packaging:name>
      <packaging:type>xsd:string</packaging:type>
      <packaging:visibility>private</packaging:visibility>
      <packaging:scalable>true</packaging:scalable>
      <packaging:overrideValue>false</packaging:overrideValue>
    </packaging:property>
    <packaging:property>
      <packaging:name>//LIB_XML//BW.DEPLOYMENTUNIT.NAME</packaging:name>
      <packaging:type>xsd:string</packaging:type>
      <packaging:visibility>private</packaging:visibility>
      <packaging:scalable>true</packaging:scalable>
      <packaging:overrideValue>false</packaging:overrideValue>
    </packaging:property>
    <packaging:property>
      <packaging:name>//LIB_XML//BW.HOST.NAME</packaging:name>
      <packaging:type>xsd:string</packaging:type>
      <packaging:visibility>private</packaging:visibility>
      <packaging:scalable>true</packaging:scalable>
      <packaging:overrideValue>false</packaging:overrideValue>
    </packaging:property>
    <packaging:property>
      <packaging:name>//LIB_XML//BW.DOMAIN.NAME</packaging:name>
      <packaging:type>xsd:string</packaging:type>
      <packaging:visibility>private</packaging:visibility>
      <packaging:scalable>true</packaging:scalable>
      <packaging:overrideValue>false</packaging:overrideValue>
    </packaging:property>
    <packaging:property>
      <packaging:name>//LIB_XML//BW.DEPLOYMENTUNIT.VERSION</packaging:name>
      <packaging:type>xsd:string</packaging:type>
      <packaging:visibility>private</packaging:visibility>
      <packaging:scalable>true</packaging:scalable>
      <packaging:overrideValue>false</packaging:overrideValue>
    </packaging:property>
    <packaging:property>
      <packaging:name>//LIB_XML//BW.APPSPACE.NAME</packaging:name>
      <packaging:type>xsd:string</packaging:type>
      <packaging:visibility>private</packaging:visibility>
      <packaging:scalable>true</packaging:scalable>
      <packaging:overrideValue>false</packaging:overrideValue>
    </packaging:property>
    <packaging:property>
      <packaging:name>//LIB_XML//BW.MODULE.VERSION</packaging:name>
      <packaging:type>xsd:string</packaging:type>
      <packaging:visibility>private</packaging:visibility>
      <packaging:scalable>true</packaging:scalable>
      <packaging:overrideValue>false</packaging:overrideValue>
    </packaging:property>
    <packaging:property>
      <packaging:name>//LIB_XML//BW.MODULE.NAME</packaging:name>
      <packaging:type>xsd:string</packaging:type>
      <packaging:visibility>private</packaging:visibility>
      <packaging:scalable>true</packaging:scalable>
      <packaging:overrideValue>false</packaging:overrideValue>
    </packaging:property>
    <packaging:property>
      <packaging:name>//LIB_TSUTIL_SystemAudit_Client//BW.DEPLOYMENTUNIT.TYPE</packaging:name>
      <packaging:type>xsd:string</packaging:type>
      <packaging:visibility>private</packaging:visibility>
      <packaging:scalable>true</packaging:scalable>
      <packaging:overrideValue>false</packaging:overrideValue>
    </packaging:property>
    <packaging:property>
      <packaging:name>//LIB_TSUTIL_SystemAudit_Client///resources/services.ts.util.system.audit/Client-AUDIT/password</packaging:name>
      <packaging:type>ns:password</packaging:type>
      <packaging:visibility>public</packaging:visibility>
      <packaging:scalable>true</packaging:scalable>
      <packaging:overrideValue>false</packaging:overrideValue>
    </packaging:property>
    <packaging:property>
      <packaging:name>//LIB_TSUTIL_SystemAudit_Client//BW.APPNODE.NAME</packaging:name>
      <packaging:type>xsd:string</packaging:type>
      <packaging:visibility>private</packaging:visibility>
      <packaging:scalable>true</packaging:scalable>
      <packaging:overrideValue>false</packaging:overrideValue>
    </packaging:property>
    <packaging:property>
      <packaging:name>//LIB_TSUTIL_SystemAudit_Client//BW.HOST.NAME</packaging:name>
      <packaging:type>xsd:string</packaging:type>
      <packaging:visibility>private</packaging:visibility>
      <packaging:scalable>true</packaging:scalable>
      <packaging:overrideValue>false</packaging:overrideValue>
    </packaging:property>
    <packaging:property>
      <packaging:name>//LIB_TSUTIL_SystemAudit_Client//BW.DOMAIN.NAME</packaging:name>
      <packaging:type>xsd:string</packaging:type>
      <packaging:visibility>private</packaging:visibility>
      <packaging:scalable>true</packaging:scalable>
      <packaging:overrideValue>false</packaging:overrideValue>
    </packaging:property>
    <packaging:property>
      <packaging:name>//LIB_TSUTIL_SystemAudit_Client//BW.APPSPACE.NAME</packaging:name>
      <packaging:type>xsd:string</packaging:type>
      <packaging:visibility>private</packaging:visibility>
      <packaging:scalable>true</packaging:scalable>
      <packaging:overrideValue>false</packaging:overrideValue>
    </packaging:property>
    <packaging:property>
      <packaging:name>//LIB_TSUTIL_SystemAudit_Client///resources/services.ts.util.system.audit/Client-AUDIT/jndi.context.factory</packaging:name>
      <packaging:type>xsd:string</packaging:type>
      <packaging:visibility>public</packaging:visibility>
      <packaging:scalable>true</packaging:scalable>
      <packaging:overrideValue>false</packaging:overrideValue>
    </packaging:property>
    <packaging:property>
      <packaging:name>//LIB_TSUTIL_SystemAudit_Client//BW.MODULE.VERSION</packaging:name>
      <packaging:type>xsd:string</packaging:type>
      <packaging:visibility>private</packaging:visibility>
      <packaging:scalable>true</packaging:scalable>
      <packaging:overrideValue>false</packaging:overrideValue>
    </packaging:property>
    <packaging:property>
      <packaging:name>//LIB_TSUTIL_SystemAudit_Client///resources/services.ts.util.system.audit/Client-AUDIT/queue.connection.factory</packaging:name>
      <packaging:type>xsd:string</packaging:type>
      <packaging:visibility>public</packaging:visibility>
      <packaging:scalable>true</packaging:scalable>
      <packaging:overrideValue>false</packaging:overrideValue>
    </packaging:property>
    <packaging:property>
      <packaging:name>//LIB_TSUTIL_SystemAudit_Client//BW.DEPLOYMENTUNIT.NAME</packaging:name>
      <packaging:type>xsd:string</packaging:type>
      <packaging:visibility>private</packaging:visibility>
      <packaging:scalable>true</packaging:scalable>
      <packaging:overrideValue>false</packaging:overrideValue>
    </packaging:property>
    <packaging:property>
      <packaging:name>//LIB_TSUTIL_SystemAudit_Client///resources/services.ts.util.system.audit/Client-AUDIT/logger.queue</packaging:name>
      <packaging:type>xsd:string</packaging:type>
      <packaging:visibility>public</packaging:visibility>
      <packaging:scalable>true</packaging:scalable>
      <packaging:overrideValue>false</packaging:overrideValue>
    </packaging:property>
    <packaging:property>
      <packaging:name>//LIB_TSUTIL_SystemAudit_Client///resources/services.ts.util.system.audit/Client-AUDIT/jndi.username</packaging:name>
      <packaging:type>xsd:string</packaging:type>
      <packaging:visibility>public</packaging:visibility>
      <packaging:scalable>true</packaging:scalable>
      <packaging:overrideValue>false</packaging:overrideValue>
    </packaging:property>
    <packaging:property>
      <packaging:name>//LIB_TSUTIL_SystemAudit_Client//BW.DEPLOYMENTUNIT.VERSION</packaging:name>
      <packaging:type>xsd:string</packaging:type>
      <packaging:visibility>private</packaging:visibility>
      <packaging:scalable>true</packaging:scalable>
      <packaging:overrideValue>false</packaging:overrideValue>
    </packaging:property>
    <packaging:property>
      <packaging:name>//LIB_TSUTIL_SystemAudit_Client///resources/services.ts.util.system.audit/Client-AUDIT/jndi.url</packaging:name>
      <packaging:type>xsd:string</packaging:type>
      <packaging:visibility>public</packaging:visibility>
      <packaging:scalable>true</packaging:scalable>
      <packaging:overrideValue>false</packaging:overrideValue>
    </packaging:property>
    <packaging:property>
      <packaging:name>//LIB_TSUTIL_SystemAudit_Client///resources/services.ts.util.system.audit/Client-AUDIT/jndi.password</packaging:name>
      <packaging:type>ns:password</packaging:type>
      <packaging:visibility>public</packaging:visibility>
      <packaging:scalable>true</packaging:scalable>
      <packaging:overrideValue>false</packaging:overrideValue>
    </packaging:property>
    <packaging:property>
      <packaging:name>//LIB_TSUTIL_SystemAudit_Client///resources/services.ts.util.system.audit/Client-AUDIT/topic.connection.factory</packaging:name>
      <packaging:type>xsd:string</packaging:type>
      <packaging:visibility>public</packaging:visibility>
      <packaging:scalable>true</packaging:scalable>
      <packaging:overrideValue>false</packaging:overrideValue>
    </packaging:property>
    <packaging:property>
      <packaging:name>//LIB_TSUTIL_SystemAudit_Client//BW.MODULE.NAME</packaging:name>
      <packaging:type>xsd:string</packaging:type>
      <packaging:visibility>private</packaging:visibility>
      <packaging:scalable>true</packaging:scalable>
      <packaging:overrideValue>false</packaging:overrideValue>
    </packaging:property>
    <packaging:property>
      <packaging:name>//LIB_TSUTIL_SystemAudit_Client///resources/services.ts.util.system.audit/Client-AUDIT/username</packaging:name>
      <packaging:type>xsd:string</packaging:type>
      <packaging:visibility>public</packaging:visibility>
      <packaging:scalable>true</packaging:scalable>
      <packaging:overrideValue>false</packaging:overrideValue>
    </packaging:property>
    <packaging:property>
      <packaging:name>//LIB_TSUTIL_SystemErrorHandler_Client//BW.DEPLOYMENTUNIT.TYPE</packaging:name>
      <packaging:type>xsd:string</packaging:type>
      <packaging:visibility>private</packaging:visibility>
      <packaging:scalable>true</packaging:scalable>
      <packaging:overrideValue>false</packaging:overrideValue>
    </packaging:property>
    <packaging:property>
      <packaging:name>//LIB_TSUTIL_SystemErrorHandler_Client///resources/services.ts.util.system.audit/client-ERROR/queue.connection.factory</packaging:name>
      <packaging:type>xsd:string</packaging:type>
      <packaging:visibility>public</packaging:visibility>
      <packaging:scalable>true</packaging:scalable>
      <packaging:overrideValue>false</packaging:overrideValue>
    </packaging:property>
    <packaging:property>
      <packaging:name>//LIB_TSUTIL_SystemErrorHandler_Client//BW.APPNODE.NAME</packaging:name>
      <packaging:type>xsd:string</packaging:type>
      <packaging:visibility>private</packaging:visibility>
      <packaging:scalable>true</packaging:scalable>
      <packaging:overrideValue>false</packaging:overrideValue>
    </packaging:property>
    <packaging:property>
      <packaging:name>//LIB_TSUTIL_SystemErrorHandler_Client//BW.HOST.NAME</packaging:name>
      <packaging:type>xsd:string</packaging:type>
      <packaging:visibility>private</packaging:visibility>
      <packaging:scalable>true</packaging:scalable>
      <packaging:overrideValue>false</packaging:overrideValue>
    </packaging:property>
    <packaging:property>
      <packaging:name>//LIB_TSUTIL_SystemErrorHandler_Client///resources/services.ts.util.system.audit/client-ERROR/jndi.context.factory</packaging:name>
      <packaging:type>xsd:string</packaging:type>
      <packaging:visibility>public</packaging:visibility>
      <packaging:scalable>true</packaging:scalable>
      <packaging:overrideValue>false</packaging:overrideValue>
    </packaging:property>
    <packaging:property>
      <packaging:name>//LIB_TSUTIL_SystemErrorHandler_Client//BW.DOMAIN.NAME</packaging:name>
      <packaging:type>xsd:string</packaging:type>
      <packaging:visibility>private</packaging:visibility>
      <packaging:scalable>true</packaging:scalable>
      <packaging:overrideValue>false</packaging:overrideValue>
    </packaging:property>
    <packaging:property>
      <packaging:name>//LIB_TSUTIL_SystemErrorHandler_Client///resources/services.ts.util.system.audit/client-ERROR/password</packaging:name>
      <packaging:type>ns:password</packaging:type>
      <packaging:visibility>public</packaging:visibility>
      <packaging:scalable>true</packaging:scalable>
      <packaging:overrideValue>false</packaging:overrideValue>
    </packaging:property>
    <packaging:property>
      <packaging:name>//LIB_TSUTIL_SystemErrorHandler_Client///data/services/area.short.names</packaging:name>
      <packaging:type>xsd:string</packaging:type>
      <packaging:visibility>public</packaging:visibility>
      <packaging:scalable>true</packaging:scalable>
      <packaging:overrideValue>false</packaging:overrideValue>
    </packaging:property>
    <packaging:property>
      <packaging:name>//LIB_TSUTIL_SystemErrorHandler_Client///resources/services.ts.util.system.audit/client-ERROR/logger.queue</packaging:name>
      <packaging:type>xsd:string</packaging:type>
      <packaging:visibility>public</packaging:visibility>
      <packaging:scalable>true</packaging:scalable>
      <packaging:overrideValue>false</packaging:overrideValue>
    </packaging:property>
    <packaging:property>
      <packaging:name>//LIB_TSUTIL_SystemErrorHandler_Client//BW.APPSPACE.NAME</packaging:name>
      <packaging:type>xsd:string</packaging:type>
      <packaging:visibility>private</packaging:visibility>
      <packaging:scalable>true</packaging:scalable>
      <packaging:overrideValue>false</packaging:overrideValue>
    </packaging:property>
    <packaging:property>
      <packaging:name>//LIB_TSUTIL_SystemErrorHandler_Client//BW.MODULE.VERSION</packaging:name>
      <packaging:type>xsd:string</packaging:type>
      <packaging:visibility>private</packaging:visibility>
      <packaging:scalable>true</packaging:scalable>
      <packaging:overrideValue>false</packaging:overrideValue>
    </packaging:property>
    <packaging:property>
      <packaging:name>//LIB_TSUTIL_SystemErrorHandler_Client///resources/services.ts.util.system.audit/client-ERROR/topic.connection.factory</packaging:name>
      <packaging:type>xsd:string</packaging:type>
      <packaging:visibility>public</packaging:visibility>
      <packaging:scalable>true</packaging:scalable>
      <packaging:overrideValue>false</packaging:overrideValue>
    </packaging:property>
    <packaging:property>
      <packaging:name>//LIB_TSUTIL_SystemErrorHandler_Client//BW.DEPLOYMENTUNIT.NAME</packaging:name>
      <packaging:type>xsd:string</packaging:type>
      <packaging:visibility>private</packaging:visibility>
      <packaging:scalable>true</packaging:scalable>
      <packaging:overrideValue>false</packaging:overrideValue>
    </packaging:property>
    <packaging:property>
      <packaging:name>//LIB_TSUTIL_SystemErrorHandler_Client//BW.DEPLOYMENTUNIT.VERSION</packaging:name>
      <packaging:type>xsd:string</packaging:type>
      <packaging:visibility>private</packaging:visibility>
      <packaging:scalable>true</packaging:scalable>
      <packaging:overrideValue>false</packaging:overrideValue>
    </packaging:property>
    <packaging:property>
      <packaging:name>//LIB_TSUTIL_SystemErrorHandler_Client///resources/services.ts.util.system.audit/client-ERROR/jndi.url</packaging:name>
      <packaging:type>xsd:string</packaging:type>
      <packaging:visibility>public</packaging:visibility>
      <packaging:scalable>true</packaging:scalable>
      <packaging:overrideValue>false</packaging:overrideValue>
    </packaging:property>
    <packaging:property>
      <packaging:name>//LIB_TSUTIL_SystemErrorHandler_Client///resources/services.ts.util.system.audit/client-ERROR/jndi.password</packaging:name>
      <packaging:type>ns:password</packaging:type>
      <packaging:visibility>public</packaging:visibility>
      <packaging:scalable>true</packaging:scalable>
      <packaging:overrideValue>false</packaging:overrideValue>
    </packaging:property>
    <packaging:property>
      <packaging:name>//LIB_TSUTIL_SystemErrorHandler_Client//BW.MODULE.NAME</packaging:name>
      <packaging:type>xsd:string</packaging:type>
      <packaging:visibility>private</packaging:visibility>
      <packaging:scalable>true</packaging:scalable>
      <packaging:overrideValue>false</packaging:overrideValue>
    </packaging:property>
    <packaging:property>
      <packaging:name>//LIB_TSUTIL_SystemErrorHandler_Client///resources/services.ts.util.system.audit/client-ERROR/jndi.username</packaging:name>
      <packaging:type>xsd:string</packaging:type>
      <packaging:visibility>public</packaging:visibility>
      <packaging:scalable>true</packaging:scalable>
      <packaging:overrideValue>false</packaging:overrideValue>
    </packaging:property>
    <packaging:property>
      <packaging:name>//LIB_TSUTIL_SystemErrorHandler_Client///resources/services.ts.util.system.audit/client-ERROR/username</packaging:name>
      <packaging:type>xsd:string</packaging:type>
      <packaging:visibility>public</packaging:visibility>
      <packaging:scalable>true</packaging:scalable>
      <packaging:overrideValue>false</packaging:overrideValue>
    </packaging:property>
    <packaging:property>
      <packaging:name>//APP_TSDemoGetData.module///data/header/domain.esb.out</packaging:name>
      <packaging:type>xsd:string</packaging:type>
      <packaging:visibility>public</packaging:visibility>
      <packaging:scalable>true</packaging:scalable>
      <packaging:overrideValue>false</packaging:overrideValue>
    </packaging:property>
    <packaging:property>
      <packaging:name>//APP_TSDemoGetData.module///resources/services.ts.demo.getdata/Client-ESB01/topic.connection.factory</packaging:name>
      <packaging:type>xsd:string</packaging:type>
      <packaging:visibility>public</packaging:visibility>
      <packaging:scalable>true</packaging:scalable>
      <packaging:overrideValue>false</packaging:overrideValue>
    </packaging:property>
    <packaging:property>
      <packaging:name>//APP_TSDemoGetData.module///services.ts.demo.getdata/getdemodata/log.audit.payload.enable</packaging:name>
      <packaging:type>xsd:boolean</packaging:type>
      <packaging:visibility>public</packaging:visibility>
      <packaging:scalable>true</packaging:scalable>
      <packaging:overrideValue>false</packaging:overrideValue>
    </packaging:property>
    <packaging:property>
      <packaging:name>//APP_TSDemoGetData.module///services.ts.demo.getdata/getdemodata/exception.audit.remotefile.enable</packaging:name>
      <packaging:type>xsd:boolean</packaging:type>
      <packaging:visibility>public</packaging:visibility>
      <packaging:scalable>true</packaging:scalable>
      <packaging:overrideValue>false</packaging:overrideValue>
    </packaging:property>
    <packaging:property>
      <packaging:name>//APP_TSDemoGetData.module///resources/services.ts.demo.getdata/Client-ESB01/username</packaging:name>
      <packaging:type>xsd:string</packaging:type>
      <packaging:visibility>public</packaging:visibility>
      <packaging:scalable>true</packaging:scalable>
      <packaging:overrideValue>false</packaging:overrideValue>
    </packaging:property>
    <packaging:property>
      <packaging:name>//APP_TSDemoGetData.module///services.ts.demo.getdata/getdemodata/log.audit.enable</packaging:name>
      <packaging:type>xsd:boolean</packaging:type>
      <packaging:visibility>public</packaging:visibility>
      <packaging:scalable>true</packaging:scalable>
      <packaging:overrideValue>false</packaging:overrideValue>
    </packaging:property>
    <packaging:property>
      <packaging:name>//APP_TSDemoGetData.module///services.ts.demo.getdata/getdemodata/exception.audit.remotedb.enable</packaging:name>
      <packaging:type>xsd:boolean</packaging:type>
      <packaging:visibility>public</packaging:visibility>
      <packaging:scalable>true</packaging:scalable>
      <packaging:overrideValue>false</packaging:overrideValue>
    </packaging:property>
    <packaging:property>
      <packaging:name>//APP_TSDemoGetData.module//BW.DEPLOYMENTUNIT.NAME</packaging:name>
      <packaging:type>xsd:string</packaging:type>
      <packaging:visibility>private</packaging:visibility>
      <packaging:scalable>true</packaging:scalable>
      <packaging:overrideValue>false</packaging:overrideValue>
    </packaging:property>
    <packaging:property>
      <packaging:name>//APP_TSDemoGetData.module///resources/services.ts.demo.getdata/Client-ESB01/jndi.url</packaging:name>
      <packaging:type>xsd:string</packaging:type>
      <packaging:visibility>public</packaging:visibility>
      <packaging:scalable>true</packaging:scalable>
      <packaging:overrideValue>false</packaging:overrideValue>
    </packaging:property>
    <packaging:property>
      <packaging:name>//APP_TSDemoGetData.module///services.ts.demo.getdata/getdemodata/exception.audit.local.enable</packaging:name>
      <packaging:type>xsd:boolean</packaging:type>
      <packaging:visibility>public</packaging:visibility>
      <packaging:scalable>true</packaging:scalable>
      <packaging:overrideValue>false</packaging:overrideValue>
    </packaging:property>
    <packaging:property>
      <packaging:name>//APP_TSDemoGetData.module///resources/services.ts.demo.getdata/Client-ESB01/queue.connection.factory</packaging:name>
      <packaging:type>xsd:string</packaging:type>
      <packaging:visibility>public</packaging:visibility>
      <packaging:scalable>true</packaging:scalable>
      <packaging:overrideValue>false</packaging:overrideValue>
    </packaging:property>
    <packaging:property>
      <packaging:name>//APP_TSDemoGetData.module///services.ts.demo.getdata/getdemodata/log.audit.local.enable</packaging:name>
      <packaging:type>xsd:boolean</packaging:type>
      <packaging:visibility>public</packaging:visibility>
      <packaging:scalable>true</packaging:scalable>
      <packaging:overrideValue>false</packaging:overrideValue>
    </packaging:property>
    <packaging:property>
      <packaging:name>//APP_TSDemoGetData.module//BW.HOST.NAME</packaging:name>
      <packaging:type>xsd:string</packaging:type>
      <packaging:visibility>private</packaging:visibility>
      <packaging:scalable>true</packaging:scalable>
      <packaging:overrideValue>false</packaging:overrideValue>
    </packaging:property>
    <packaging:property>
      <packaging:name>//APP_TSDemoGetData.module//BW.APPSPACE.NAME</packaging:name>
      <packaging:type>xsd:string</packaging:type>
      <packaging:visibility>private</packaging:visibility>
      <packaging:scalable>true</packaging:scalable>
      <packaging:overrideValue>false</packaging:overrideValue>
    </packaging:property>
    <packaging:property>
      <packaging:name>//APP_TSDemoGetData.module///services.ts.demo.getdata/getdemodata/exception.cache.enable</packaging:name>
      <packaging:type>xsd:boolean</packaging:type>
      <packaging:visibility>public</packaging:visibility>
      <packaging:scalable>true</packaging:scalable>
      <packaging:overrideValue>false</packaging:overrideValue>
    </packaging:property>
    <packaging:property>
      <packaging:name>//APP_TSDemoGetData.module///services.ts.demo.getdata/getdemodata/backend/BACKEND/timeout</packaging:name>
      <packaging:type>xsd:int</packaging:type>
      <packaging:visibility>public</packaging:visibility>
      <packaging:scalable>true</packaging:scalable>
      <packaging:overrideValue>false</packaging:overrideValue>
    </packaging:property>
    <packaging:property>
      <packaging:name>//APP_TSDemoGetData.module///resources/services.ts.demo.getdata/Client-ESB01/jndi.username</packaging:name>
      <packaging:type>xsd:string</packaging:type>
      <packaging:visibility>public</packaging:visibility>
      <packaging:scalable>true</packaging:scalable>
      <packaging:overrideValue>false</packaging:overrideValue>
    </packaging:property>
    <packaging:property>
      <packaging:name>//APP_TSDemoGetData.module//BW.DEPLOYMENTUNIT.TYPE</packaging:name>
      <packaging:type>xsd:string</packaging:type>
      <packaging:visibility>private</packaging:visibility>
      <packaging:scalable>true</packaging:scalable>
      <packaging:overrideValue>false</packaging:overrideValue>
    </packaging:property>
    <packaging:property>
      <packaging:name>//APP_TSDemoGetData.module///services.ts.demo.getdata/getdemodata/jms.queue</packaging:name>
      <packaging:type>xsd:string</packaging:type>
      <packaging:visibility>public</packaging:visibility>
      <packaging:scalable>true</packaging:scalable>
      <packaging:overrideValue>false</packaging:overrideValue>
    </packaging:property>
    <packaging:property>
      <packaging:name>//APP_TSDemoGetData.module///resources/services.ts.demo.getdata/Client-ESB01/jndi.context.factory</packaging:name>
      <packaging:type>xsd:string</packaging:type>
      <packaging:visibility>public</packaging:visibility>
      <packaging:scalable>true</packaging:scalable>
      <packaging:overrideValue>false</packaging:overrideValue>
    </packaging:property>
    <packaging:property>
      <packaging:name>//APP_TSDemoGetData.module///services.ts.demo.getdata/getdemodata/log.cache.enable</packaging:name>
      <packaging:type>xsd:boolean</packaging:type>
      <packaging:visibility>public</packaging:visibility>
      <packaging:scalable>true</packaging:scalable>
      <packaging:overrideValue>false</packaging:overrideValue>
    </packaging:property>
    <packaging:property>
      <packaging:name>//APP_TSDemoGetData.module///data/header/channel.esb.out</packaging:name>
      <packaging:type>xsd:string</packaging:type>
      <packaging:visibility>public</packaging:visibility>
      <packaging:scalable>true</packaging:scalable>
      <packaging:overrideValue>false</packaging:overrideValue>
    </packaging:property>
    <packaging:property>
      <packaging:name>//APP_TSDemoGetData.module///resources/services.ts.demo.getdata/Client-ESB01/jndi.password</packaging:name>
      <packaging:type>ns:password</packaging:type>
      <packaging:visibility>public</packaging:visibility>
      <packaging:scalable>true</packaging:scalable>
      <packaging:overrideValue>false</packaging:overrideValue>
    </packaging:property>
    <packaging:property>
      <packaging:name>//APP_TSDemoGetData.module///services.ts.demo.getdata/getdemodata/backend/BACKEND/endpoint.uri</packaging:name>
      <packaging:type>xsd:string</packaging:type>
      <packaging:visibility>public</packaging:visibility>
      <packaging:scalable>true</packaging:scalable>
      <packaging:overrideValue>false</packaging:overrideValue>
    </packaging:property>
    <packaging:property>
      <packaging:name>//APP_TSDemoGetData.module///services.ts.demo.getdata/getdemodata/log.audit.remotefile.enable</packaging:name>
      <packaging:type>xsd:boolean</packaging:type>
      <packaging:visibility>public</packaging:visibility>
      <packaging:scalable>true</packaging:scalable>
      <packaging:overrideValue>false</packaging:overrideValue>
    </packaging:property>
    <packaging:property>
      <packaging:name>//APP_TSDemoGetData.module//BW.APPNODE.NAME</packaging:name>
      <packaging:type>xsd:string</packaging:type>
      <packaging:visibility>private</packaging:visibility>
      <packaging:scalable>true</packaging:scalable>
      <packaging:overrideValue>false</packaging:overrideValue>
    </packaging:property>
    <packaging:property>
      <packaging:name>//APP_TSDemoGetData.module//BW.DOMAIN.NAME</packaging:name>
      <packaging:type>xsd:string</packaging:type>
      <packaging:visibility>private</packaging:visibility>
      <packaging:scalable>true</packaging:scalable>
      <packaging:overrideValue>false</packaging:overrideValue>
    </packaging:property>
    <packaging:property>
      <packaging:name>//APP_TSDemoGetData.module//BW.MODULE.VERSION</packaging:name>
      <packaging:type>xsd:string</packaging:type>
      <packaging:visibility>private</packaging:visibility>
      <packaging:scalable>true</packaging:scalable>
      <packaging:overrideValue>false</packaging:overrideValue>
    </packaging:property>
    <packaging:property>
      <packaging:name>//APP_TSDemoGetData.module///resources/services.ts.demo.getdata/Client-ESB01/password</packaging:name>
      <packaging:type>ns:password</packaging:type>
      <packaging:visibility>public</packaging:visibility>
      <packaging:scalable>true</packaging:scalable>
      <packaging:overrideValue>false</packaging:overrideValue>
    </packaging:property>
    <packaging:property>
      <packaging:name>//APP_TSDemoGetData.module///services.ts.demo.getdata/getdemodata/exception.audit.payload.enable</packaging:name>
      <packaging:type>xsd:boolean</packaging:type>
      <packaging:visibility>public</packaging:visibility>
      <packaging:scalable>true</packaging:scalable>
      <packaging:overrideValue>false</packaging:overrideValue>
    </packaging:property>
    <packaging:property>
      <packaging:name>//APP_TSDemoGetData.module///services.ts.demo.getdata/getdemodata/log.audit.remotedb.enable</packaging:name>
      <packaging:type>xsd:boolean</packaging:type>
      <packaging:visibility>public</packaging:visibility>
      <packaging:scalable>true</packaging:scalable>
      <packaging:overrideValue>false</packaging:overrideValue>
    </packaging:property>
    <packaging:property>
      <packaging:name>//APP_TSDemoGetData.module//BW.DEPLOYMENTUNIT.VERSION</packaging:name>
      <packaging:type>xsd:string</packaging:type>
      <packaging:visibility>private</packaging:visibility>
      <packaging:scalable>true</packaging:scalable>
      <packaging:overrideValue>false</packaging:overrideValue>
    </packaging:property>
    <packaging:property>
      <packaging:name>//APP_TSDemoGetData.module///services.ts.demo.getdata/getdemodata/exception.audit.enable</packaging:name>
      <packaging:type>xsd:boolean</packaging:type>
      <packaging:visibility>public</packaging:visibility>
      <packaging:scalable>true</packaging:scalable>
      <packaging:overrideValue>false</packaging:overrideValue>
    </packaging:property>
    <packaging:property>
      <packaging:name>//APP_TSDemoGetData.module//BW.MODULE.NAME</packaging:name>
      <packaging:type>xsd:string</packaging:type>
      <packaging:visibility>private</packaging:visibility>
      <packaging:scalable>true</packaging:scalable>
      <packaging:overrideValue>false</packaging:overrideValue>
    </packaging:property>
  </packaging:properties>
  <packaging:modules>
    <packaging:module>
      <packaging:symbolicName>LIB_XML</packaging:symbolicName>
      <packaging:technologyType>osgi-bundle,bw-sharedmodule</packaging:technologyType>
      <packaging:technologyVersion>1.0.0.qualifier</packaging:technologyVersion>
    </packaging:module>
    <packaging:module>
      <packaging:symbolicName>LIB_TSUTIL_SystemAudit_Client</packaging:symbolicName>
      <packaging:technologyType>osgi-bundle,bw-sharedmodule</packaging:technologyType>
      <packaging:technologyVersion>1.0.0.qualifier</packaging:technologyVersion>
    </packaging:module>
    <packaging:module>
      <packaging:symbolicName>LIB_TSUTIL_SystemErrorHandler_Client</packaging:symbolicName>
      <packaging:technologyType>osgi-bundle,bw-sharedmodule</packaging:technologyType>
      <packaging:technologyVersion>1.0.0.qualifier</packaging:technologyVersion>
    </packaging:module>
    <packaging:module>
      <packaging:symbolicName>APP_TSDemoGetData.module</packaging:symbolicName>
      <packaging:technologyType>osgi-bundle,bw-appmodule</packaging:technologyType>
      <packaging:technologyVersion>1.0.0.qualifier</packaging:technologyVersion>
    </packaging:module>
  </packaging:modules>
</packaging:packageUnit>