<?xml version="1.0" encoding="UTF-8" standalone="yes"?>
<configuration>
<properties>
<property name="//APP_BSDemoGetData.module///services.bs.demo.getdata/OPERATION/log.audit.remotefile.enable">
<environment name="DEFAULT" value="true"/>
<environment name="DEV" value="true"/>
<environment name="SIT" value="true"/>
<environment name="PROD" value="true"/>
</property>
<property name="//APP_BSDemoGetData.module///services.bs.demo.getdata/OPERATION/exception.audit.remotefile.enable">
<environment name="DEFAULT" value="true"/>
<environment name="DEV" value="true"/>
<environment name="SIT" value="true"/>
<environment name="PROD" value="true"/>
</property>
<property name="//APP_BSDemoGetData.module///services.bs.demo.getdata/OPERATION/log.audit.payload.enable">
<environment name="DEFAULT" value="true"/>
<environment name="DEV" value="true"/>
<environment name="SIT" value="true"/>
<environment name="PROD" value="true"/>
</property>
<property name="//APP_BSDemoGetData.module///services.bs.demo.getdata/OPERATION/exception.audit.remotedb.enable">
<environment name="DEFAULT" value="true"/>
<environment name="DEV" value="true"/>
<environment name="SIT" value="true"/>
<environment name="PROD" value="true"/>
</property>
<property name="//APP_BSDemoGetData.module///services.bs.demo.getdata/OPERATION/jms.queue">
<environment name="DEFAULT" value=""/>
<environment name="DEV" value=""/>
<environment name="SIT" value=""/>
<environment name="PROD" value=""/>
</property>
<property name="//APP_BSDemoGetData.module///services.bs.demo.getdata/OPERATION/log.audit.enable">
<environment name="DEFAULT" value="true"/>
<environment name="DEV" value="true"/>
<environment name="SIT" value="true"/>
<environment name="PROD" value="true"/>
</property>
<property name="//APP_BSDemoGetData.module///services.bs.demo.getdata/OPERATION/log.audit.remotedb.enable">
<environment name="DEFAULT" value="true"/>
<environment name="DEV" value="true"/>
<environment name="SIT" value="true"/>
<environment name="PROD" value="true"/>
</property>
<property name="//APP_BSDemoGetData.module///services.bs.demo.getdata/OPERATION/log.audit.local.enable">
<environment name="DEFAULT" value="true"/>
<environment name="DEV" value="true"/>
<environment name="SIT" value="true"/>
<environment name="PROD" value="true"/>
</property>
<property name="//APP_BSDemoGetData.module///services.bs.demo.getdata/OPERATION/exception.audit.enable">
<environment name="DEFAULT" value="true"/>
<environment name="DEV" value="true"/>
<environment name="SIT" value="true"/>
<environment name="PROD" value="true"/>
</property>
<property name="//APP_BSDemoGetData.module///services.bs.demo.getdata/OPERATION/exception.audit.local.enable">
<environment name="DEFAULT" value="true"/>
<environment name="DEV" value="true"/>
<environment name="SIT" value="true"/>
<environment name="PROD" value="true"/>
</property>
<property name="//APP_BSDemoGetData.module///services.bs.demo.getdata/OPERATION/exception.audit.payload.enable">
<environment name="DEFAULT" value="true"/>
<environment name="DEV" value="true"/>
<environment name="SIT" value="true"/>
<environment name="PROD" value="true"/>
</property>
<property name="//APP_BSDemoGetData.module///resources/services.bs.demo.getdata/Client-ESB01/queue.connection.factory">
<environment name="DEFAULT" value="QueueConnectionFactory"/>
<environment name="DEV" value="QueueConnectionFactory"/>
<environment name="SIT" value="QueueConnectionFactory"/>
<environment name="PROD" value="QueueConnectionFactory"/>
</property>
<property name="//APP_BSDemoGetData.module///resources/services.bs.demo.getdata/Client-ESB01/password">
<environment name="DEFAULT" value="#!8IBGQ5doYGq6PlbasTXFVA=="/>
<environment name="DEV" value="#!8IBGQ5doYGq6PlbasTXFVA=="/>
<environment name="SIT" value="#!8IBGQ5doYGq6PlbasTXFVA=="/>
<environment name="PROD" value="#!8IBGQ5doYGq6PlbasTXFVA=="/>
</property>
<property name="//APP_BSDemoGetData.module///resources/services.bs.demo.getdata/Client-ESB01/topic.connection.factory">
<environment name="DEFAULT" value="TopicConnectionFactory"/>
<environment name="DEV" value="TopicConnectionFactory"/>
<environment name="SIT" value="TopicConnectionFactory"/>
<environment name="PROD" value="TopicConnectionFactory"/>
</property>
<property name="//APP_BSDemoGetData.module///resources/services.bs.demo.getdata/Client-ESB01/jndi.username">
<environment name="DEFAULT" value="bw"/>
<environment name="DEV" value="bw"/>
<environment name="SIT" value="bw"/>
<environment name="PROD" value="bw"/>
</property>
<property name="//APP_BSDemoGetData.module///resources/services.bs.demo.getdata/Client-ESB01/jndi.password">
<environment name="DEFAULT" value="#!5z/33+2VlX5VWxDecv0Wtw=="/>
<environment name="DEV" value="#!5z/33+2VlX5VWxDecv0Wtw=="/>
<environment name="SIT" value="#!5z/33+2VlX5VWxDecv0Wtw=="/>
<environment name="PROD" value="#!5z/33+2VlX5VWxDecv0Wtw=="/>
</property>
<property name="//APP_BSDemoGetData.module///resources/services.bs.demo.getdata/Client-ESB01/jndi.url">
<environment name="DEFAULT" value="tibjmsnaming://localhost:7222,tibjmsnaming://localhost:7222"/>
<environment name="DEV" value="tibjmsnaming://ec2-35-178-63-212.eu-west-2.compute.amazonaws.com:7222,tibjmsnaming://ec2-35-178-63-212.eu-west-2.compute.amazonaws.com:7222"/>
<environment name="SIT" value="tibjmsnaming://localhost:7222,tibjmsnaming://localhost:7222"/>
<environment name="PROD" value="tibjmsnaming://localhost:7222,tibjmsnaming://localhost:7222"/>
</property>
<property name="//APP_BSDemoGetData.module///resources/services.bs.demo.getdata/Client-ESB01/username">
<environment name="DEFAULT" value="bw"/>
<environment name="DEV" value="bw"/>
<environment name="SIT" value="bw"/>
<environment name="PROD" value="bw"/>
</property>
<property name="//APP_BSDemoGetData.module///resources/services.bs.demo.getdata/Client-ESB01/jndi.context.factory">
<environment name="DEFAULT" value="com.tibco.tibjms.naming.TibjmsInitialContextFactory"/>
<environment name="DEV" value="com.tibco.tibjms.naming.TibjmsInitialContextFactory"/>
<environment name="SIT" value="com.tibco.tibjms.naming.TibjmsInitialContextFactory"/>
<environment name="PROD" value="com.tibco.tibjms.naming.TibjmsInitialContextFactory"/>
</property>
<property name="//APP_BSDemoGetData.module///resources/services.bs.demo.getdata/Server-BW01/accept.queue.size">
<environment name="DEFAULT" value="-1"/>
<environment name="DEV" value="-1"/>
<environment name="SIT" value="-1"/>
<environment name="PROD" value="-1"/>
</property>
<property name="//APP_BSDemoGetData.module///resources/services.bs.demo.getdata/Server-BW01/hostname">
<environment name="DEFAULT" value="0.0.0.0"/>
<environment name="DEV" value="0.0.0.0"/>
<environment name="SIT" value="0.0.0.0"/>
<environment name="PROD" value="0.0.0.0"/>
</property>
<property name="//APP_BSDemoGetData.module///resources/services.bs.demo.getdata/Server-BW01/port">
<environment name="DEFAULT" value="17001"/>
<environment name="DEV" value="17001"/>
<environment name="SIT" value="17001"/>
<environment name="PROD" value="17001"/>
</property>
<property name="//APP_BSDemoGetData.module///resources/services.bs.demo.getdata/Server-BW01/acceptor.threads">
<environment name="DEFAULT" value="1"/>
<environment name="DEV" value="1"/>
<environment name="SIT" value="1"/>
<environment name="PROD" value="1"/>
</property>
<property name="//APP_BSDemoGetData.module///resources/services.bs.demo.getdata/Server-BW01/advanced/request.buffer.size">
<environment name="DEFAULT" value="8192"/>
<environment name="DEV" value="8192"/>
<environment name="SIT" value="8192"/>
<environment name="PROD" value="8192"/>
</property>
<property name="//APP_BSDemoGetData.module///resources/services.bs.demo.getdata/Server-BW01/advanced/reverse.proxy.port">
<environment name="DEFAULT" value="0"/>
<environment name="DEV" value="0"/>
<environment name="SIT" value="0"/>
<environment name="PROD" value="0"/>
</property>
<property name="//APP_BSDemoGetData.module///resources/services.bs.demo.getdata/Server-BW01/advanced/response.buffer.size">
<environment name="DEFAULT" value="24576"/>
<environment name="DEV" value="24576"/>
<environment name="SIT" value="24576"/>
<environment name="PROD" value="24576"/>
</property>
<property name="//APP_BSDemoGetData.module///resources/services.bs.demo.getdata/Server-BW01/advanced/max.idle.time.ms">
<environment name="DEFAULT" value="200000"/>
<environment name="DEV" value="200000"/>
<environment name="SIT" value="200000"/>
<environment name="PROD" value="200000"/>
</property>
<property name="//APP_BSDemoGetData.module///resources/services.bs.demo.getdata/Server-BW01/advanced/low.resource.max.idle.time.ms">
<environment name="DEFAULT" value="0"/>
<environment name="DEV" value="0"/>
<environment name="SIT" value="0"/>
<environment name="PROD" value="0"/>
</property>
<property name="//APP_BSDemoGetData.module///resources/services.bs.demo.getdata/Server-BW01/advanced/compression">
<environment name="DEFAULT" value="false"/>
<environment name="DEV" value="false"/>
<environment name="SIT" value="false"/>
<environment name="PROD" value="false"/>
</property>
<property name="//APP_BSDemoGetData.module///resources/services.bs.demo.getdata/Server-BW01/advanced/max.save.post.size">
<environment name="DEFAULT" value="4096"/>
<environment name="DEV" value="4096"/>
<environment name="SIT" value="4096"/>
<environment name="PROD" value="4096"/>
</property>
<property name="//APP_BSDemoGetData.module///resources/services.bs.demo.getdata/Server-BW01/advanced/enable.dns.lookups">
<environment name="DEFAULT" value="false"/>
<environment name="DEV" value="false"/>
<environment name="SIT" value="false"/>
<environment name="PROD" value="false"/>
</property>
<property name="//APP_BSDemoGetData.module///resources/services.bs.demo.getdata/Server-BW01/advanced/uri.encoding">
<environment name="DEFAULT" value=""/>
<environment name="DEV" value=""/>
<environment name="SIT" value=""/>
<environment name="PROD" value=""/>
</property>
<property name="//APP_BSDemoGetData.module///resources/services.bs.demo.getdata/Server-BW01/advanced/use.non.blocking.io.sockets">
<environment name="DEFAULT" value="true"/>
<environment name="DEV" value="true"/>
<environment name="SIT" value="true"/>
<environment name="PROD" value="true"/>
</property>
<property name="//APP_BSDemoGetData.module///resources/services.bs.demo.getdata/Server-BW01/advanced/use.direct.buffers">
<environment name="DEFAULT" value="true"/>
<environment name="DEV" value="true"/>
<environment name="SIT" value="true"/>
<environment name="PROD" value="true"/>
</property>
<property name="//APP_BSDemoGetData.module///resources/services.bs.demo.getdata/Server-BW01/advanced/header.buffer.size">
<environment name="DEFAULT" value="4096"/>
<environment name="DEV" value="4096"/>
<environment name="SIT" value="4096"/>
<environment name="PROD" value="4096"/>
</property>
<property name="//APP_BSDemoGetData.module///resources/services.bs.demo.getdata/Server-BW01/advanced/max.post.size">
<environment name="DEFAULT" value="2097152"/>
<environment name="DEV" value="2097152"/>
<environment name="SIT" value="2097152"/>
<environment name="PROD" value="2097152"/>
</property>
<property name="//APP_BSDemoGetData.module///resources/services.bs.demo.getdata/Server-BW01/advanced/max.qtp.threads">
<environment name="DEFAULT" value="75"/>
<environment name="DEV" value="75"/>
<environment name="SIT" value="75"/>
<environment name="PROD" value="75"/>
</property>
<property name="//APP_BSDemoGetData.module///resources/services.bs.demo.getdata/Server-BW01/advanced/compressible.mime.types">
<environment name="DEFAULT" value="text/html,text/xml,text/plain"/>
<environment name="DEV" value="text/html,text/xml,text/plain"/>
<environment name="SIT" value="text/html,text/xml,text/plain"/>
<environment name="PROD" value="text/html,text/xml,text/plain"/>
</property>
<property name="//APP_BSDemoGetData.module///resources/services.bs.demo.getdata/Server-BW01/advanced/min.qtp.threads">
<environment name="DEFAULT" value="10"/>
<environment name="DEV" value="10"/>
<environment name="SIT" value="10"/>
<environment name="PROD" value="10"/>
</property>
<property name="//APP_BSDemoGetData.module///resources/services.bs.demo.getdata/Server-BW01/advanced/reverse.proxy.host">
<environment name="DEFAULT" value=""/>
<environment name="DEV" value=""/>
<environment name="SIT" value=""/>
<environment name="PROD" value=""/>
</property>
<property name="//APP_BSDemoGetData.module///resources/services.bs.demo.getdata/Server-BW01/advanced/linger.time.ms">
<environment name="DEFAULT" value="0"/>
<environment name="DEV" value="0"/>
<environment name="SIT" value="0"/>
<environment name="PROD" value="0"/>
</property>
<property name="//LIB_TSUTIL_SystemErrorHandler_Client///resources/services.ts.util.system.audit/client-ERROR/queue.connection.factory">
<environment name="DEFAULT" value="QueueConnectionFactory"/>
<environment name="DEV" value="QueueConnectionFactory"/>
<environment name="SIT" value="QueueConnectionFactory"/>
<environment name="PROD" value="QueueConnectionFactory"/>
</property>
<property name="//LIB_TSUTIL_SystemErrorHandler_Client///resources/services.ts.util.system.audit/client-ERROR/jndi.context.factory">
<environment name="DEFAULT" value="com.tibco.tibjms.naming.TibjmsInitialContextFactory"/>
<environment name="DEV" value="com.tibco.tibjms.naming.TibjmsInitialContextFactory"/>
<environment name="SIT" value="com.tibco.tibjms.naming.TibjmsInitialContextFactory"/>
<environment name="PROD" value="com.tibco.tibjms.naming.TibjmsInitialContextFactory"/>
</property>
<property name="//LIB_TSUTIL_SystemErrorHandler_Client///resources/services.ts.util.system.audit/client-ERROR/password">
<environment name="DEFAULT" value="#!kxax7yQdFc0NGAXD57t0/A=="/>
<environment name="DEV" value="#!kxax7yQdFc0NGAXD57t0/A=="/>
<environment name="SIT" value="#!kxax7yQdFc0NGAXD57t0/A=="/>
<environment name="PROD" value="#!kxax7yQdFc0NGAXD57t0/A=="/>
</property>
<property name="//LIB_TSUTIL_SystemErrorHandler_Client///resources/services.ts.util.system.audit/client-ERROR/logger.queue">
<environment name="DEFAULT" value="bw.util.systemerrorhandler.logger.q"/>
<environment name="DEV" value="bw.util.systemerrorhandler.logger.q"/>
<environment name="SIT" value="bw.util.systemerrorhandler.logger.q"/>
<environment name="PROD" value="bw.util.systemerrorhandler.logger.q"/>
</property>
<property name="//LIB_TSUTIL_SystemErrorHandler_Client///resources/services.ts.util.system.audit/client-ERROR/topic.connection.factory">
<environment name="DEFAULT" value="TopicConnectionFactory"/>
<environment name="DEV" value="TopicConnectionFactory"/>
<environment name="SIT" value="TopicConnectionFactory"/>
<environment name="PROD" value="TopicConnectionFactory"/>
</property>
<property name="//LIB_TSUTIL_SystemErrorHandler_Client///resources/services.ts.util.system.audit/client-ERROR/jndi.url">
<environment name="DEFAULT" value="tibjmsnaming://ec2-35-178-63-212.eu-west-2.compute.amazonaws.com:7222"/>
<environment name="DEV" value="tibjmsnaming://ec2-35-178-63-212.eu-west-2.compute.amazonaws.com:7222"/>
<environment name="SIT" value="tibjmsnaming://ec2-35-178-63-212.eu-west-2.compute.amazonaws.com:7222"/>
<environment name="PROD" value="tibjmsnaming://ec2-35-178-63-212.eu-west-2.compute.amazonaws.com:7222"/>
</property>
<property name="//LIB_TSUTIL_SystemErrorHandler_Client///resources/services.ts.util.system.audit/client-ERROR/jndi.password">
<environment name="DEFAULT" value="#!sjOW4Z3ldh/UBRIu3GKkNw=="/>
<environment name="DEV" value="#!sjOW4Z3ldh/UBRIu3GKkNw=="/>
<environment name="SIT" value="#!sjOW4Z3ldh/UBRIu3GKkNw=="/>
<environment name="PROD" value="#!sjOW4Z3ldh/UBRIu3GKkNw=="/>
</property>
<property name="//LIB_TSUTIL_SystemErrorHandler_Client///resources/services.ts.util.system.audit/client-ERROR/jndi.username">
<environment name="DEFAULT" value="bw"/>
<environment name="DEV" value="bw"/>
<environment name="SIT" value="bw"/>
<environment name="PROD" value="bw"/>
</property>
<property name="//LIB_TSUTIL_SystemErrorHandler_Client///resources/services.ts.util.system.audit/client-ERROR/username">
<environment name="DEFAULT" value="bw"/>
<environment name="DEV" value="bw"/>
<environment name="SIT" value="bw"/>
<environment name="PROD" value="bw"/>
</property>
<property name="//LIB_TSUTIL_SystemErrorHandler_Client///data/services/area.short.names">
<environment name="DEFAULT" value=",customer:CI,TSYS:TSYS,general:GEN,utility:UTIL"/>
<environment name="DEV" value=",customer:CI,TSYS:TSYS,general:GEN,utility:UTIL"/>
<environment name="SIT" value=",customer:CI,TSYS:TSYS,general:GEN,utility:UTIL"/>
<environment name="PROD" value=",customer:CI,TSYS:TSYS,general:GEN,utility:UTIL"/>
</property>
<property name="//LIB_TSUTIL_SystemAudit_Client///resources/services.ts.util.system.audit/Client-AUDIT/password">
<environment name="DEFAULT" value="#!TBI1GWOElUv6jDLPlRVNog=="/>
<environment name="DEV" value="#!TBI1GWOElUv6jDLPlRVNog=="/>
<environment name="SIT" value="#!TBI1GWOElUv6jDLPlRVNog=="/>
<environment name="PROD" value="#!TBI1GWOElUv6jDLPlRVNog=="/>
</property>
<property name="//LIB_TSUTIL_SystemAudit_Client///resources/services.ts.util.system.audit/Client-AUDIT/jndi.context.factory">
<environment name="DEFAULT" value="com.tibco.tibjms.naming.TibjmsInitialContextFactory"/>
<environment name="DEV" value="com.tibco.tibjms.naming.TibjmsInitialContextFactory"/>
<environment name="SIT" value="com.tibco.tibjms.naming.TibjmsInitialContextFactory"/>
<environment name="PROD" value="com.tibco.tibjms.naming.TibjmsInitialContextFactory"/>
</property>
<property name="//LIB_TSUTIL_SystemAudit_Client///resources/services.ts.util.system.audit/Client-AUDIT/queue.connection.factory">
<environment name="DEFAULT" value="QueueConnectionFactory"/>
<environment name="DEV" value="QueueConnectionFactory"/>
<environment name="SIT" value="QueueConnectionFactory"/>
<environment name="PROD" value="QueueConnectionFactory"/>
</property>
<property name="//LIB_TSUTIL_SystemAudit_Client///resources/services.ts.util.system.audit/Client-AUDIT/logger.queue">
<environment name="DEFAULT" value="bw.util.systemaudit.logger.q"/>
<environment name="DEV" value="bw.util.systemaudit.logger.q"/>
<environment name="SIT" value="bw.util.systemaudit.logger.q"/>
<environment name="PROD" value="bw.util.systemaudit.logger.q"/>
</property>
<property name="//LIB_TSUTIL_SystemAudit_Client///resources/services.ts.util.system.audit/Client-AUDIT/jndi.username">
<environment name="DEFAULT" value="bw"/>
<environment name="DEV" value="bw"/>
<environment name="SIT" value="bw"/>
<environment name="PROD" value="bw"/>
</property>
<property name="//LIB_TSUTIL_SystemAudit_Client///resources/services.ts.util.system.audit/Client-AUDIT/jndi.url">
<environment name="DEFAULT" value="tibjmsnaming://ec2-35-178-63-212.eu-west-2.compute.amazonaws.com:7222"/>
<environment name="DEV" value="tibjmsnaming://ec2-35-178-63-212.eu-west-2.compute.amazonaws.com:7222"/>
<environment name="SIT" value="tibjmsnaming://ec2-35-178-63-212.eu-west-2.compute.amazonaws.com:7222"/>
<environment name="PROD" value="tibjmsnaming://ec2-35-178-63-212.eu-west-2.compute.amazonaws.com:7222"/>
</property>
<property name="//LIB_TSUTIL_SystemAudit_Client///resources/services.ts.util.system.audit/Client-AUDIT/jndi.password">
<environment name="DEFAULT" value="#!m1AIsjYoKb7+8Y7I6OW6AA=="/>
<environment name="DEV" value="#!m1AIsjYoKb7+8Y7I6OW6AA=="/>
<environment name="SIT" value="#!m1AIsjYoKb7+8Y7I6OW6AA=="/>
<environment name="PROD" value="#!m1AIsjYoKb7+8Y7I6OW6AA=="/>
</property>
<property name="//LIB_TSUTIL_SystemAudit_Client///resources/services.ts.util.system.audit/Client-AUDIT/topic.connection.factory">
<environment name="DEFAULT" value="TopicConnectionFactory"/>
<environment name="DEV" value="TopicConnectionFactory"/>
<environment name="SIT" value="TopicConnectionFactory"/>
<environment name="PROD" value="TopicConnectionFactory"/>
</property>
<property name="//LIB_TSUTIL_SystemAudit_Client///resources/services.ts.util.system.audit/Client-AUDIT/username">
<environment name="DEFAULT" value="bw"/>
<environment name="DEV" value="bw"/>
<environment name="SIT" value="bw"/>
<environment name="PROD" value="bw"/>
</property>
</properties>
</configuration>
